{"cameraMode":{"drawMode":0,"name":"Shaded","section":"Shading Mode"},"sceneLighting":true,"audioPlay":false,"sceneViewState":{"m_AlwaysRefresh":false,"showFog":true,"showSkybox":true,"showFlares":true,"showImageEffects":true,"showParticleSystems":true,"showVisualEffectGraphs":true,"m_FxEnabled":true},"in2DMode":false,"pivot":{"x":-0.07898499816656113,"y":-4.33820104598999,"z":9.640582084655762},"rotation":{"x":-0.28576695919036868,"y":0.0048846108838915829,"z":-0.0014563832664862276,"w":-0.9582882523536682},"size":8.251067161560059,"orthographic":false}